"1","gfacello","1973-09-02","Georgi","Facello","M","2001-06-26","c95a400d952155149a534471e7501650ded1b21a11e944f68db59a9b9a553afa36feb5a23d028f64","EM","10"
"2","bsimmel","1984-06-02","Bezalel","Simmel","F","2001-11-21","c95a400d952155149a534471e7501650ded1b21a11e944f68db59a9b9a553afa36feb5a23d028f64","EM","10"
"3","pbamford","1979-12-03","Parto","Bamford","M","2002-08-28","c95a400d952155149a534471e7501650ded1b21a11e944f68db59a9b9a553afa36feb5a23d028f64","HR","10"
"4","ckoblick","1974-05-01","Chirstian","Koblick","M","2010-12-01","c95a400d952155149a534471e7501650ded1b21a11e944f68db59a9b9a553afa36feb5a23d028f64","EM","10"
"5","kmaliniak","1975-01-21","Kyoichi","Maliniak","M","2011-09-12","c95a400d952155149a534471e7501650ded1b21a11e944f68db59a9b9a553afa36feb5a23d028f64","EM","10"
"6","apresuig","1973-04-20","Anneke","Preusig","F","2007-06-02","c95a400d952155149a534471e7501650ded1b21a11e944f68db59a9b9a553afa36feb5a23d028f64","EM","10"
"7","tzielinski","1977-05-23","Tzvetan","Zielinski","F","2016-02-10","c95a400d952155149a534471e7501650ded1b21a11e944f68db59a9b9a553afa36feb5a23d028f64","EM","10"
"8","skalloufi","1978-02-19","Saniya","Kalloufi","M","2002-09-15","c95a400d952155149a534471e7501650ded1b21a11e944f68db59a9b9a553afa36feb5a23d028f64","EM","10"
"9","speac","1972-04-19","Sumant","Peac","F","2003-02-18","c95a400d952155149a534471e7501650ded1b21a11e944f68db59a9b9a553afa36feb5a23d028f64","EM","10"
"10","dpiveteau","1983-06-01","Duangkaew","Piveteau","F","1999-08-24","c95a400d952155149a534471e7501650ded1b21a11e944f68db59a9b9a553afa36feb5a23d028f64","EM","10"
"11","msluis","1983-11-07","Mary","Sluis","F","2017-01-22","c95a400d952155149a534471e7501650ded1b21a11e944f68db59a9b9a553afa36feb5a23d028f64","EM","10"
"12","pbridgland","1980-10-04","Patricio","Bridgland","M","2011-12-18","c95a400d952155149a534471e7501650ded1b21a11e944f68db59a9b9a553afa36feb5a23d028f64","EM","10"
"13","eterkki","1983-06-07","Eberhardt","Terkki","M","2015-10-20","c95a400d952155149a534471e7501650ded1b21a11e944f68db59a9b9a553afa36feb5a23d028f64","EM","10"